-- phpMyAdmin SQL Dump
-- version 5.2.1
-- https://www.phpmyadmin.net/
--
-- Host: 127.0.0.1
-- Erstellungszeit: 12. Jun 2024 um 20:53
-- Server-Version: 10.4.32-MariaDB
-- PHP-Version: 8.2.12

SET SQL_MODE = "NO_AUTO_VALUE_ON_ZERO";
START TRANSACTION;
SET time_zone = "+00:00";


/*!40101 SET @OLD_CHARACTER_SET_CLIENT=@@CHARACTER_SET_CLIENT */;
/*!40101 SET @OLD_CHARACTER_SET_RESULTS=@@CHARACTER_SET_RESULTS */;
/*!40101 SET @OLD_COLLATION_CONNECTION=@@COLLATION_CONNECTION */;
/*!40101 SET NAMES utf8mb4 */;

--
-- Datenbank: `if0_36188364_rate_me`
--

-- --------------------------------------------------------

--
-- Tabellenstruktur für Tabelle `post`
--

CREATE TABLE `post` (
  `post_date` date NOT NULL DEFAULT current_timestamp(),
  `post_ID` int(11) NOT NULL,
  `post_rating` int(120) NOT NULL,
  `post_views` int(11) NOT NULL,
  `post_likes` int(11) NOT NULL DEFAULT 0,
  `post_dislikes` int(11) NOT NULL DEFAULT 0
) ENGINE=InnoDB DEFAULT CHARSET=utf8mb4 COLLATE=utf8mb4_general_ci;

--
-- Daten für Tabelle `post`
--

INSERT INTO `post` (`post_date`, `post_ID`, `post_rating`, `post_views`, `post_likes`, `post_dislikes`) VALUES
('2024-06-11', 1, 130, 26, 1, 0),
('2024-06-11', 2, 30, 26, 1, 0),
('2024-06-11', 3, 30, 26, 1, 0),
('2024-06-11', 4, 30, 26, 1, 0),
('2024-06-11', 5, 30, 26, 1, 0),
('2024-06-11', 6, 30, 26, 1, 0),
('2024-06-11', 7, 30, 26, 1, 0),
('2024-06-11', 8, 30, 256, 1, 0),
('2024-06-11', 9, 30, 26, 1, 0),
('2024-06-12', 14, 0, 28, 0, 0),
('2024-06-12', 15, 0, 28, 0, 0),
('2024-06-12', 16, 0, 28, 0, 0),
('2024-06-12', 19, 0, 12, 0, 0);

-- --------------------------------------------------------

--
-- Tabellenstruktur für Tabelle `post_content`
--

CREATE TABLE `post_content` (
  `post_content_ID` int(11) NOT NULL,
  `post_content_headline` varchar(20) NOT NULL,
  `post_content_description` text NOT NULL,
  `post_content_image` blob NOT NULL
) ENGINE=InnoDB DEFAULT CHARSET=utf8mb4 COLLATE=utf8mb4_general_ci;

--
-- Daten für Tabelle `post_content`
--

INSERT INTO `post_content` (`post_content_ID`, `post_content_headline`, `post_content_description`, `post_content_image`) VALUES
(10, 'Erster Post', 'Hallo Welt! Dies ist der erste Test-Post.', ''),
(11, 'Zweiter Post', 'Heute ist ein schöner Tag.', ''),
(12, 'Dritter Post', 'Ein bisschen Spaß muss sein!', ''),
(13, 'Vierter Post', 'Langeweile? Nicht mit uns!', ''),
(14, 'Fünfter Post', 'Das Leben ist schön!', ''),
(15, 'Sechster Post', 'Auf zu neuen Abenteuern!', ''),
(16, 'Siebter Post', 'Guten Morgen, Welt!', ''),
(17, 'Achter Post', 'Ein Lächeln am Morgen vertreibt Kummer und Sorgen.', ''),
(18, 'Neunter Post', 'Carpe Diem!', ''),
(19, 'Zehnter Post', 'Träume nicht dein Leben, sondern lebe deinen Traum.', ''),
(21, 'Hello Guys', 'Welcome to my minecraft Server', ''),
(22, '1', '1', ''),
(23, '1', '1', 0xffd8ffe000104a46494600010100000100010000ffdb0084000906070f0d0f0e0d0f0d100d0d0d100d0d0e0e0f0d0f0d0d0d0e1511161615111516181d2821191a251b15152d322d26292b2e312f17203338332c37342d2e2b010a0a0a0e0d0e1b10101b2d251f262d2d3037302d322d2f322d2f2d2d2d2d2f303037312e2d2d2f2d2d2d2d2d37312d2d2d2f2d2d2d2d2d372d2d2e2d2f2d2b37ffc000110800a3013603011100021101031101ffc4001b00010003010101010000000000000000000001020304060507ffc4003f10000201020305050505040b010000000000010203110405120621314151136171a1b114223291d10716536293233372b234425281828492c1d2e1f015ffc4001a010100030101010000000000000000000000030405060102ffc4003011010002010203060503050100000000000001030204111221510513143141a11522b1c1e16181d1327191f0f123ffda000c03010002110311003f00fd8d20252026c04d805805805805805805805808b010d01560008b80b80b80b80b80b80b80b80024090252026c04d805805805805805805805808b011602181280ba40592026c02c02c02c02c02c02c02c055a028c0a302ad815b80b80b80b80b80b80b80b81298129817405d016480b2402c02c02c02c02c02c02c055a02ad01568094069102e9016b00b00b00b00b00b00b010d014606520234811d9a023b25de03b25dff301d92eff00980ec977fcc0764bbfe603b25dff00301d92eff980ec977fcc0ca51b01098168cddd01d310348a02e900b00b00b00b00b00b00b015680ce405181280d2206880b00000000000055819c80c64c09000000000000000004495f70184a360223c40ea801ac40d1012000000000086055819c80cd8131034881aa024090000000000558194c0c25c50160000000038f1b99428bd3be53fecae5e2f914755da15513c33ce7a47dd668d2e76f3f2871c33ddfbe959774eefd0a38f6cc6ff00361cbf49fc2ccf674edcb2f67d3c36223563aa0eeb9f269f468d6a6fc2ec78b09e4a36579573b650d49918000892bee031946cc0da9b037801a202c0000000000802ac0ca4066c09881a440d5012809000000000052406530309715e280b8000000cb1757b3a739f38c5b5e3cbcc875167755659f4849561c79c63d5e4e4db6db776f7b7cdbea71b33333bcf9ba188888da03c7aecca2bb8558ae53f724bd3ccbfd9b74d77c47a4f2fe3dd57595c6554cfac737a53aa61800001135b98114c0e8801a202c0000000000802ac0ca4066c09881a440d501280900000000005240653039df15e280d0000000658ba5da539c39ca2d2f1e5e643a8afbdab2c23d612559f06719747936adb9ab35b9ae699c6cc4c4ed2e862778de03c7aecca28b9d68be50f7e4fa5b87997fb3aa9b2f89f48e7fefeeabacb231aa63af27a53aa6180000112e0fc008a6074400d10160000000000401560652033604c40d2206a8094048000000000292032981cef8af1406800000000716372c8567ab7c27ce4b7a7e28a1aaeceaef9e2f29ebfcad51abcea8dbce1c70c89df7d5dddd0dfea51c7b1a77f9b3e5fdbf2b33da3cb963eefa986c3429474c159737c5c9f56cd7a34f8518f0e11f950b6dcac9df26a4c8c0000089707e0045303a2006880b0000000000200ab0329019b02620691035404a0240000000001490194c0e77c578a0340000001e7337cf5a9a85092b41a729f1536bfaabf2fafae3eaf5f31970d53e5ebd7f0833b79ed0faf966611c4c352dd356538738bfa1a1a6d4e37e3bc79fac25c338ca1d8587d00000000044b83f0022981d10034405800000000010055819480cd8131034881aa0250120000000000a480ca6073be2bc501a0000079ccff0038bde8527bb8549ae7f957fb98faed6efbd75cff0079fb20b2cf4879f325036c26267466aa41da4be525cd3ee24aadcaacb8b17b8e5313bc3d9e5d8e86221ae3b9add38f383fa1d1e9efc6ec38a3fc745bc728ca1d44efa78fda5da89467d8e1676d124ea555669c93f823ddd7af0295fa8989db064eaf5d313c35cf97afdbf97dcc833a86369df746b42dda53e9f99758b27a6d8b23f55dd36a71bb1fd7d61f5099640225c1f80114c0e8801a202c0000000000802ac0ca4066c09881a440d501280900000000005240653039df15e280d0001e7f3ece2d7a149efe1526b97e55dfd4c9d76b76debaff0079fb20b2cf4879c319007a006f82c5ce84d5483deb735ca51e8c969bb2ab2e2c7febdc729c6778746d1ed4eb876387bc5cd7eda7c1c7ad38bf57ff0096ce7aae3c238796eadacd6ef1c15fef3f67912ab29be0b17528548d5a72d338f07c9ae69ae699ee394e33bc3eebb32af2e2c7cdfa56479bd3c6d3d71f76a46caa53bef83ebde9f266a556c591bc3a0d3ea31bb1de3cfd61f44956112e0fc008a6074400d10160000000000401560652033604c40d2206a8094048000000000292032981cef8af1406807c3cfb38d17a349fbfc2735fd4ee5f9bd3d32f5dade0ff00cf0f3f59e9f9fa21b2cdb943cc188ae1e800038b1b8bb5e117bf9be9dde258a6adfe6c94b53a8dbe5c7cdf38b8cf0001d197e36a61aa46ad395a51ff004ca3ce325cd33eb0ce709de12556e55e5c58bf4bc9b35a78ca6aa437495954a6dfbd4e5d3bd7466a5764671bc3a1a2fc6ec78a1db2e0fc091322981d10034405800000000010055819480cd8131034881aa0250120000000000a480ca6073be2bc501f2b3dcdfb2bd2a6ff006afe297e1aff00919badd6777f261fd5f4fca2b2cdb943ca986ac0000071e3715a7dc8bf7b9bfecffd93d356ff0034f929ea351c3f2e3e7f47cd2eb380000001d596661530b5155a6f7add28bf8671e7167dd79ce13bc25a6ecaacb8b17e95966654f174bb5a6fba717f15395be166a5764671bc3a1a6ec6dc78b175d33ed2ba2006880b0000000000200ab0329019b02620691035404a0240000000001490194c0c2d7697569778183d9cc2bbb70936f7b6eacdb6faf1297c3e89f4f7947dd628fbb785fc397ea4fea3e1f474f793bac4fbb785fc397ea4fea3e1f474f793bac55a79060e5f0c755b73b5693b798f87d1d3de4eeb156590e0b7a6acf87efa49af31f0fa3a7bc9dd62c96c7601efece4efcfb7a8efe64be1abe8afe028e9ef2acb64b2f5b9c1a7d1d7a89fa8f0d5f43c051d3de511d92cb9bb2836fa2c44dbf51e1abe8780a3a7bcaff73b01f852fd6a9f51e1abe8780a3a7bcb9e3b39953968528b9f0d2b15272f96a1e1abe8780a3a7bcba3ee6e07f0a5fad57ea3c357d0f01474f793ee6e07f0a5fad57ea3c357d0f01474f797460f67f0d8572a94633849c5c5fed6728c977a6eccfbc29c709df1495696baa77c3eb2eaa64ab0e8801a202c0000000000802ac0ca4066c09881a440d50128090000000000518194c0c57c51f15ea07700031c6feeaaff0004ff009581f9a7d8824a38eb2b7f44f4a807c1d92d9aa19ae3b1d4abcaa4553756a274dc149c9d66b7ea8bbf103e8e47db64d9d472ea75e5570d52a429ca0dfbb28d4829464e3c14a2dadeb8dbbc0cb68f2ba78eda39e16ab928569538ca50d3ad25845256ba6b8a03d9649f67383c0e22962e9d5af2a945c9c54e54b436e0e3bed04f849f303cc6d263f159de652cab0f55d2c2d194e151a6f4cbb3dd52acd2b6a4a5b92e1c3add07d897d9360b45962310aa5be3bd271bf5d3a787f781eab65b2bab81c2d3c355aef133a6ea5aa3d5be0e6dc56f6dab26b75f77003eb014adf0cbc181c94c0e8801a202c0000000000802ac0ca4066c09881a440d50128090000000000558194c0c52f7a3e2bd40ed000638dfdd55fe09ff002b03f35fb11f871dfe53d2a01e7f65696633c6e3565d569d2ab7abda3a9a6ce9f6cf72bc65bee07b5d94d87ad4714f31c7e22388c55e528a83728a9b5a75ca4d2bb49d924925f2b0797da3cb638dda29e16539538d69538b9c2dae36c2296ebff081ee765f62296595e5888626bd594a94a8e8a8e1a2ce5195f72e3eef9b03c76c2d6585cf71946b7b93ab2c5d18396ebcfb6538aff1462edd7701f4f6ff0020c4d18e2f338669888c14a9ca3868caac23152942164d4ecb8df801f7beccb1152ae5946752a4eacf5e216ba9394e6d2ab2b26def03d5014abf0cbc181cb4d01bc40d10160000000000401560652033604c40d2206880b20240000000001560672406696f5e280ea000791db5d9dc7636709e131becf0eca546ad2752ad38544e4ddfddbdf73b7003ab61f65d6554270954556b56929d49c63a60acad1847b96ff981c5b1db21572ec562b1352b53a91c42928460a4a4af5356fb81ec40f01b43b0d8bc46615330c363218794b4383d335529b54953766baa4fe6075e47b399b50c4d1ab88cd9d7a107275295ea3ed169692dfbb8b5f2034db1d84a5994fda69d4f66c52514e7a7542ae9f8752ba6a4baaf3dd60f835f61f39af0f67af9a42787dd78caad7a9a9277574e2afc1717c80f6fb2b927ff0037094f09da76ce0ea49cf4e8bb94dc9d95dd96fea07d702b53e17e0c0e78203688174048000000000218159019480cd81280d22068809b81370170170170170170218149019bddbc0975df44055e225d179811ed32e8bcc07b4cba2f301ed32e8bcc07b4cba2f301ed32e8bcc07b4cba2f301ed32e8bcc07b4cba2f300b132e8bcc0b2c43e8bcc09ed5bdd6402280d1016404dc05c05c05c05c05c086c0ab0339019b0080bc58174c0b5c05c05c05c05c05c05c08b810d8156051810d015b00d203480d203480d203480d204d809480b202e80b2604dc05c05c05c05c05c05c05c0ab60672605581080b260593027500d403500d403500d403500d4045c08b81000080000000000000002400137026e04ea01a806a01a806a01a806a0235010d8156c086c0802409000000000000000000000000000000000000000000000000000000000001810c0803ffd9),
(24, 'Hallo', 'Hallo', 0xffd8ffe000104a46494600010100000100010000ffdb0084000906070f0d0f0e0d0f0d100d0d0d100d0d0e0e0f0d0f0d0d0d0e1511161615111516181d2821191a251b15152d322d26292b2e312f17203338332c37342d2e2b010a0a0a0e0d0e1b10101b2d251f262d2d3037302d322d2f322d2f2d2d2d2d2f303037312e2d2d2f2d2d2d2d2d37312d2d2d2f2d2d2d2d2d372d2d2e2d2f2d2b37ffc000110800a3013603011100021101031101ffc4001b00010003010101010000000000000000000001020304060507ffc4003f10000201020305050505040b010000000000010203110405120621314151136171a1b114223291d10716536293233372b234425281828492c1d2e1f015ffc4001a010100030101010000000000000000000000030405060102ffc4003011010002010203060503050100000000000001030204111221510513143141a11522b1c1e16181d1327191f0f123ffda000c03010002110311003f00fd8d20252026c04d805805805805805805805808b010d01560008b80b80b80b80b80b80b80b80024090252026c04d805805805805805805805808b011602181280ba40592026c02c02c02c02c02c02c02c055a028c0a302ad815b80b80b80b80b80b80b80b81298129817405d016480b2402c02c02c02c02c02c02c055a02ad01568094069102e9016b00b00b00b00b00b00b010d014606520234811d9a023b25de03b25dff301d92eff00980ec977fcc0764bbfe603b25dff00301d92eff980ec977fcc0ca51b01098168cddd01d310348a02e900b00b00b00b00b00b00b015680ce405181280d2206880b00000000000055819c80c64c09000000000000000004495f70184a360223c40ea801ac40d1012000000000086055819c80cd8131034881aa024090000000000558194c0c25c50160000000038f1b99428bd3be53fecae5e2f914755da15513c33ce7a47dd668d2e76f3f2871c33ddfbe959774eefd0a38f6cc6ff00361cbf49fc2ccf674edcb2f67d3c36223563aa0eeb9f269f468d6a6fc2ec78b09e4a36579573b650d49918000892bee031946cc0da9b037801a202c0000000000802ac0ca4066c09881a440d5012809000000000052406530309715e280b8000000cb1757b3a739f38c5b5e3cbcc875167755659f4849561c79c63d5e4e4db6db776f7b7cdbea71b33333bcf9ba188888da03c7aecca2bb8558ae53f724bd3ccbfd9b74d77c47a4f2fe3dd57595c6554cfac737a53aa61800001135b98114c0e8801a202c0000000000802ac0ca4066c09881a440d501280900000000005240653039df15e280d0000000658ba5da539c39ca2d2f1e5e643a8afbdab2c23d612559f06719747936adb9ab35b9ae699c6cc4c4ed2e862778de03c7aecca28b9d68be50f7e4fa5b87997fb3aa9b2f89f48e7fefeeabacb231aa63af27a53aa6180000112e0fc008a6074400d10160000000000401560652033604c40d2206a8094048000000000292032981cef8af1406800000000716372c8567ab7c27ce4b7a7e28a1aaeceaef9e2f29ebfcad51abcea8dbce1c70c89df7d5dddd0dfea51c7b1a77f9b3e5fdbf2b33da3cb963eefa986c3429474c159737c5c9f56cd7a34f8518f0e11f950b6dcac9df26a4c8c0000089707e0045303a2006880b0000000000200ab0329019b02620691035404a0240000000001490194c0e77c578a0340000001e7337cf5a9a85092b41a729f1536bfaabf2fafae3eaf5f31970d53e5ebd7f0833b79ed0faf966611c4c352dd356538738bfa1a1a6d4e37e3bc79fac25c338ca1d8587d00000000044b83f0022981d10034405800000000010055819480cd8131034881aa0250120000000000a480ca6073be2bc501a0000079ccff0038bde8527bb8549ae7f957fb98faed6efbd75cff0079fb20b2cf4879f325036c26267466aa41da4be525cd3ee24aadcaacb8b17b8e5313bc3d9e5d8e86221ae3b9add38f383fa1d1e9efc6ec38a3fc745bc728ca1d44efa78fda5da89467d8e1676d124ea555669c93f823ddd7af0295fa8989db064eaf5d313c35cf97afdbf97dcc833a86369df746b42dda53e9f99758b27a6d8b23f55dd36a71bb1fd7d61f5099640225c1f80114c0e8801a202c0000000000802ac0ca4066c09881a440d501280900000000005240653039df15e280d0001e7f3ece2d7a149efe1526b97e55dfd4c9d76b76debaff0079fb20b2cf4879c319007a006f82c5ce84d5483deb735ca51e8c969bb2ab2e2c7febdc729c6778746d1ed4eb876387bc5cd7eda7c1c7ad38bf57ff0096ce7aae3c238796eadacd6ef1c15fef3f67912ab29be0b17528548d5a72d338f07c9ae69ae699ee394e33bc3eebb32af2e2c7cdfa56479bd3c6d3d71f76a46caa53bef83ebde9f266a556c591bc3a0d3ea31bb1de3cfd61f44956112e0fc008a6074400d10160000000000401560652033604c40d2206a8094048000000000292032981cef8af1406807c3cfb38d17a349fbfc2735fd4ee5f9bd3d32f5dade0ff00cf0f3f59e9f9fa21b2cdb943cc188ae1e800038b1b8bb5e117bf9be9dde258a6adfe6c94b53a8dbe5c7cdf38b8cf0001d197e36a61aa46ad395a51ff004ca3ce325cd33eb0ce709de12556e55e5c58bf4bc9b35a78ca6aa437495954a6dfbd4e5d3bd7466a5764671bc3a1a2fc6ec78a1db2e0fc091322981d10034405800000000010055819480cd8131034881aa0250120000000000a480ca6073be2bc501f2b3dcdfb2bd2a6ff006afe297e1aff00919badd6777f261fd5f4fca2b2cdb943ca986ac0000071e3715a7dc8bf7b9bfecffd93d356ff0034f929ea351c3f2e3e7f47cd2eb380000001d596661530b5155a6f7add28bf8671e7167dd79ce13bc25a6ecaacb8b17e95966654f174bb5a6fba717f15395be166a5764671bc3a1a6ec6dc78b175d33ed2ba2006880b0000000000200ab0329019b02620691035404a0240000000001490194c0c2d7697569778183d9cc2bbb70936f7b6eacdb6faf1297c3e89f4f7947dd628fbb785fc397ea4fea3e1f474f793bac4fbb785fc397ea4fea3e1f474f793bac55a79060e5f0c755b73b5693b798f87d1d3de4eeb156590e0b7a6acf87efa49af31f0fa3a7bc9dd62c96c7601efece4efcfb7a8efe64be1abe8afe028e9ef2acb64b2f5b9c1a7d1d7a89fa8f0d5f43c051d3de511d92cb9bb2836fa2c44dbf51e1abe8780a3a7bcaff73b01f852fd6a9f51e1abe8780a3a7bcb9e3b39953968528b9f0d2b15272f96a1e1abe8780a3a7bcba3ee6e07f0a5fad57ea3c357d0f01474f793ee6e07f0a5fad57ea3c357d0f01474f797460f67f0d8572a94633849c5c5fed6728c977a6eccfbc29c709df1495696baa77c3eb2eaa64ab0e8801a202c0000000000802ac0ca4066c09881a440d50128090000000000518194c0c57c51f15ea07700031c6feeaaff0004ff009581f9a7d8824a38eb2b7f44f4a807c1d92d9aa19ae3b1d4abcaa4553756a274dc149c9d66b7ea8bbf103e8e47db64d9d472ea75e5570d52a429ca0dfbb28d4829464e3c14a2dadeb8dbbc0cb68f2ba78eda39e16ab928569538ca50d3ad25845256ba6b8a03d9649f67383c0e22962e9d5af2a945c9c54e54b436e0e3bed04f849f303cc6d263f159de652cab0f55d2c2d194e151a6f4cbb3dd52acd2b6a4a5b92e1c3add07d897d9360b45962310aa5be3bd271bf5d3a787f781eab65b2bab81c2d3c355aef133a6ea5aa3d5be0e6dc56f6dab26b75f77003eb014adf0cbc181c94c0e8801a202c0000000000802ac0ca4066c09881a440d50128090000000000558194c0c52f7a3e2bd40ed000638dfdd55fe09ff002b03f35fb11f871dfe53d2a01e7f65696633c6e3565d569d2ab7abda3a9a6ce9f6cf72bc65bee07b5d94d87ad4714f31c7e22388c55e528a83728a9b5a75ca4d2bb49d924925f2b0797da3cb638dda29e16539538d69538b9c2dae36c2296ebff081ee765f62296595e5888626bd594a94a8e8a8e1a2ce5195f72e3eef9b03c76c2d6585cf71946b7b93ab2c5d18396ebcfb6538aff1462edd7701f4f6ff0020c4d18e2f338669888c14a9ca3868caac23152942164d4ecb8df801f7beccb1152ae5946752a4eacf5e216ba9394e6d2ab2b26def03d5014abf0cbc181cb4d01bc40d10160000000000401560652033604c40d2206880b20240000000001560672406696f5e280ea000791db5d9dc7636709e131becf0eca546ad2752ad38544e4ddfddbdf73b7003ab61f65d6554270954556b56929d49c63a60acad1847b96ff981c5b1db21572ec562b1352b53a91c42928460a4a4af5356fb81ec40f01b43b0d8bc46615330c363218794b4383d335529b54953766baa4fe6075e47b399b50c4d1ab88cd9d7a107275295ea3ed169692dfbb8b5f2034db1d84a5994fda69d4f66c52514e7a7542ae9f8752ba6a4baaf3dd60f835f61f39af0f67af9a42787dd78caad7a9a9277574e2afc1717c80f6fb2b927ff0037094f09da76ce0ea49cf4e8bb94dc9d95dd96fea07d702b53e17e0c0e78203688174048000000000218159019480cd81280d22068809b81370170170170170170218149019bddbc0975df44055e225d179811ed32e8bcc07b4cba2f301ed32e8bcc07b4cba2f301ed32e8bcc07b4cba2f301ed32e8bcc07b4cba2f300b132e8bcc0b2c43e8bcc09ed5bdd6402280d1016404dc05c05c05c05c05c086c0ab0339019b0080bc58174c0b5c05c05c05c05c05c05c08b810d8156051810d015b00d203480d203480d203480d204d809480b202e80b2604dc05c05c05c05c05c05c05c0ab60672605581080b260593027500d403500d403500d403500d4045c08b81000080000000000000002400137026e04ea01a806a01a806a01a806a0235010d8156c086c0802409000000000000000000000000000000000000000000000000000000000001810c0803ffd9),
(25, '1', '1', 0xffd8ffe000104a46494600010100000100010000ffdb0084000906070f0d0f0e0d0f0d100d0d0d100d0d0e0e0f0d0f0d0d0d0e1511161615111516181d2821191a251b15152d322d26292b2e312f17203338332c37342d2e2b010a0a0a0e0d0e1b10101b2d251f262d2d3037302d322d2f322d2f2d2d2d2d2f303037312e2d2d2f2d2d2d2d2d37312d2d2d2f2d2d2d2d2d372d2d2e2d2f2d2b37ffc000110800a3013603011100021101031101ffc4001b00010003010101010000000000000000000001020304060507ffc4003f10000201020305050505040b010000000000010203110405120621314151136171a1b114223291d10716536293233372b234425281828492c1d2e1f015ffc4001a010100030101010000000000000000000000030405060102ffc4003011010002010203060503050100000000000001030204111221510513143141a11522b1c1e16181d1327191f0f123ffda000c03010002110311003f00fd8d20252026c04d805805805805805805805808b010d01560008b80b80b80b80b80b80b80b80024090252026c04d805805805805805805805808b011602181280ba40592026c02c02c02c02c02c02c02c055a028c0a302ad815b80b80b80b80b80b80b80b81298129817405d016480b2402c02c02c02c02c02c02c055a02ad01568094069102e9016b00b00b00b00b00b00b010d014606520234811d9a023b25de03b25dff301d92eff00980ec977fcc0764bbfe603b25dff00301d92eff980ec977fcc0ca51b01098168cddd01d310348a02e900b00b00b00b00b00b00b015680ce405181280d2206880b00000000000055819c80c64c09000000000000000004495f70184a360223c40ea801ac40d1012000000000086055819c80cd8131034881aa024090000000000558194c0c25c50160000000038f1b99428bd3be53fecae5e2f914755da15513c33ce7a47dd668d2e76f3f2871c33ddfbe959774eefd0a38f6cc6ff00361cbf49fc2ccf674edcb2f67d3c36223563aa0eeb9f269f468d6a6fc2ec78b09e4a36579573b650d49918000892bee031946cc0da9b037801a202c0000000000802ac0ca4066c09881a440d5012809000000000052406530309715e280b8000000cb1757b3a739f38c5b5e3cbcc875167755659f4849561c79c63d5e4e4db6db776f7b7cdbea71b33333bcf9ba188888da03c7aecca2bb8558ae53f724bd3ccbfd9b74d77c47a4f2fe3dd57595c6554cfac737a53aa61800001135b98114c0e8801a202c0000000000802ac0ca4066c09881a440d501280900000000005240653039df15e280d0000000658ba5da539c39ca2d2f1e5e643a8afbdab2c23d612559f06719747936adb9ab35b9ae699c6cc4c4ed2e862778de03c7aecca28b9d68be50f7e4fa5b87997fb3aa9b2f89f48e7fefeeabacb231aa63af27a53aa6180000112e0fc008a6074400d10160000000000401560652033604c40d2206a8094048000000000292032981cef8af1406800000000716372c8567ab7c27ce4b7a7e28a1aaeceaef9e2f29ebfcad51abcea8dbce1c70c89df7d5dddd0dfea51c7b1a77f9b3e5fdbf2b33da3cb963eefa986c3429474c159737c5c9f56cd7a34f8518f0e11f950b6dcac9df26a4c8c0000089707e0045303a2006880b0000000000200ab0329019b02620691035404a0240000000001490194c0e77c578a0340000001e7337cf5a9a85092b41a729f1536bfaabf2fafae3eaf5f31970d53e5ebd7f0833b79ed0faf966611c4c352dd356538738bfa1a1a6d4e37e3bc79fac25c338ca1d8587d00000000044b83f0022981d10034405800000000010055819480cd8131034881aa0250120000000000a480ca6073be2bc501a0000079ccff0038bde8527bb8549ae7f957fb98faed6efbd75cff0079fb20b2cf4879f325036c26267466aa41da4be525cd3ee24aadcaacb8b17b8e5313bc3d9e5d8e86221ae3b9add38f383fa1d1e9efc6ec38a3fc745bc728ca1d44efa78fda5da89467d8e1676d124ea555669c93f823ddd7af0295fa8989db064eaf5d313c35cf97afdbf97dcc833a86369df746b42dda53e9f99758b27a6d8b23f55dd36a71bb1fd7d61f5099640225c1f80114c0e8801a202c0000000000802ac0ca4066c09881a440d501280900000000005240653039df15e280d0001e7f3ece2d7a149efe1526b97e55dfd4c9d76b76debaff0079fb20b2cf4879c319007a006f82c5ce84d5483deb735ca51e8c969bb2ab2e2c7febdc729c6778746d1ed4eb876387bc5cd7eda7c1c7ad38bf57ff0096ce7aae3c238796eadacd6ef1c15fef3f67912ab29be0b17528548d5a72d338f07c9ae69ae699ee394e33bc3eebb32af2e2c7cdfa56479bd3c6d3d71f76a46caa53bef83ebde9f266a556c591bc3a0d3ea31bb1de3cfd61f44956112e0fc008a6074400d10160000000000401560652033604c40d2206a8094048000000000292032981cef8af1406807c3cfb38d17a349fbfc2735fd4ee5f9bd3d32f5dade0ff00cf0f3f59e9f9fa21b2cdb943cc188ae1e800038b1b8bb5e117bf9be9dde258a6adfe6c94b53a8dbe5c7cdf38b8cf0001d197e36a61aa46ad395a51ff004ca3ce325cd33eb0ce709de12556e55e5c58bf4bc9b35a78ca6aa437495954a6dfbd4e5d3bd7466a5764671bc3a1a2fc6ec78a1db2e0fc091322981d10034405800000000010055819480cd8131034881aa0250120000000000a480ca6073be2bc501f2b3dcdfb2bd2a6ff006afe297e1aff00919badd6777f261fd5f4fca2b2cdb943ca986ac0000071e3715a7dc8bf7b9bfecffd93d356ff0034f929ea351c3f2e3e7f47cd2eb380000001d596661530b5155a6f7add28bf8671e7167dd79ce13bc25a6ecaacb8b17e95966654f174bb5a6fba717f15395be166a5764671bc3a1a6ec6dc78b175d33ed2ba2006880b0000000000200ab0329019b02620691035404a0240000000001490194c0c2d7697569778183d9cc2bbb70936f7b6eacdb6faf1297c3e89f4f7947dd628fbb785fc397ea4fea3e1f474f793bac4fbb785fc397ea4fea3e1f474f793bac55a79060e5f0c755b73b5693b798f87d1d3de4eeb156590e0b7a6acf87efa49af31f0fa3a7bc9dd62c96c7601efece4efcfb7a8efe64be1abe8afe028e9ef2acb64b2f5b9c1a7d1d7a89fa8f0d5f43c051d3de511d92cb9bb2836fa2c44dbf51e1abe8780a3a7bcaff73b01f852fd6a9f51e1abe8780a3a7bcb9e3b39953968528b9f0d2b15272f96a1e1abe8780a3a7bcba3ee6e07f0a5fad57ea3c357d0f01474f793ee6e07f0a5fad57ea3c357d0f01474f797460f67f0d8572a94633849c5c5fed6728c977a6eccfbc29c709df1495696baa77c3eb2eaa64ab0e8801a202c0000000000802ac0ca4066c09881a440d50128090000000000518194c0c57c51f15ea07700031c6feeaaff0004ff009581f9a7d8824a38eb2b7f44f4a807c1d92d9aa19ae3b1d4abcaa4553756a274dc149c9d66b7ea8bbf103e8e47db64d9d472ea75e5570d52a429ca0dfbb28d4829464e3c14a2dadeb8dbbc0cb68f2ba78eda39e16ab928569538ca50d3ad25845256ba6b8a03d9649f67383c0e22962e9d5af2a945c9c54e54b436e0e3bed04f849f303cc6d263f159de652cab0f55d2c2d194e151a6f4cbb3dd52acd2b6a4a5b92e1c3add07d897d9360b45962310aa5be3bd271bf5d3a787f781eab65b2bab81c2d3c355aef133a6ea5aa3d5be0e6dc56f6dab26b75f77003eb014adf0cbc181c94c0e8801a202c0000000000802ac0ca4066c09881a440d50128090000000000558194c0c52f7a3e2bd40ed000638dfdd55fe09ff002b03f35fb11f871dfe53d2a01e7f65696633c6e3565d569d2ab7abda3a9a6ce9f6cf72bc65bee07b5d94d87ad4714f31c7e22388c55e528a83728a9b5a75ca4d2bb49d924925f2b0797da3cb638dda29e16539538d69538b9c2dae36c2296ebff081ee765f62296595e5888626bd594a94a8e8a8e1a2ce5195f72e3eef9b03c76c2d6585cf71946b7b93ab2c5d18396ebcfb6538aff1462edd7701f4f6ff0020c4d18e2f338669888c14a9ca3868caac23152942164d4ecb8df801f7beccb1152ae5946752a4eacf5e216ba9394e6d2ab2b26def03d5014abf0cbc181cb4d01bc40d10160000000000401560652033604c40d2206880b20240000000001560672406696f5e280ea000791db5d9dc7636709e131becf0eca546ad2752ad38544e4ddfddbdf73b7003ab61f65d6554270954556b56929d49c63a60acad1847b96ff981c5b1db21572ec562b1352b53a91c42928460a4a4af5356fb81ec40f01b43b0d8bc46615330c363218794b4383d335529b54953766baa4fe6075e47b399b50c4d1ab88cd9d7a107275295ea3ed169692dfbb8b5f2034db1d84a5994fda69d4f66c52514e7a7542ae9f8752ba6a4baaf3dd60f835f61f39af0f67af9a42787dd78caad7a9a9277574e2afc1717c80f6fb2b927ff0037094f09da76ce0ea49cf4e8bb94dc9d95dd96fea07d702b53e17e0c0e78203688174048000000000218159019480cd81280d22068809b81370170170170170170218149019bddbc0975df44055e225d179811ed32e8bcc07b4cba2f301ed32e8bcc07b4cba2f301ed32e8bcc07b4cba2f301ed32e8bcc07b4cba2f300b132e8bcc0b2c43e8bcc09ed5bdd6402280d1016404dc05c05c05c05c05c086c0ab0339019b0080bc58174c0b5c05c05c05c05c05c05c08b810d8156051810d015b00d203480d203480d203480d204d809480b202e80b2604dc05c05c05c05c05c05c05c0ab60672605581080b260593027500d403500d403500d403500d4045c08b81000080000000000000002400137026e04ea01a806a01a806a01a806a0235010d8156c086c0802409000000000000000000000000000000000000000000000000000000000001810c0803ffd9),
(26, '3', '3', 0xffd8ffe000104a46494600010100000100010000ffdb0084000906070f0d0f0e0d0f0d100d0d0d100d0d0e0e0f0d0f0d0d0d0e1511161615111516181d2821191a251b15152d322d26292b2e312f17203338332c37342d2e2b010a0a0a0e0d0e1b10101b2d251f262d2d3037302d322d2f322d2f2d2d2d2d2f303037312e2d2d2f2d2d2d2d2d37312d2d2d2f2d2d2d2d2d372d2d2e2d2f2d2b37ffc000110800a3013603011100021101031101ffc4001b00010003010101010000000000000000000001020304060507ffc4003f10000201020305050505040b010000000000010203110405120621314151136171a1b114223291d10716536293233372b234425281828492c1d2e1f015ffc4001a010100030101010000000000000000000000030405060102ffc4003011010002010203060503050100000000000001030204111221510513143141a11522b1c1e16181d1327191f0f123ffda000c03010002110311003f00fd8d20252026c04d805805805805805805805808b010d01560008b80b80b80b80b80b80b80b80024090252026c04d805805805805805805805808b011602181280ba40592026c02c02c02c02c02c02c02c055a028c0a302ad815b80b80b80b80b80b80b80b81298129817405d016480b2402c02c02c02c02c02c02c055a02ad01568094069102e9016b00b00b00b00b00b00b010d014606520234811d9a023b25de03b25dff301d92eff00980ec977fcc0764bbfe603b25dff00301d92eff980ec977fcc0ca51b01098168cddd01d310348a02e900b00b00b00b00b00b00b015680ce405181280d2206880b00000000000055819c80c64c09000000000000000004495f70184a360223c40ea801ac40d1012000000000086055819c80cd8131034881aa024090000000000558194c0c25c50160000000038f1b99428bd3be53fecae5e2f914755da15513c33ce7a47dd668d2e76f3f2871c33ddfbe959774eefd0a38f6cc6ff00361cbf49fc2ccf674edcb2f67d3c36223563aa0eeb9f269f468d6a6fc2ec78b09e4a36579573b650d49918000892bee031946cc0da9b037801a202c0000000000802ac0ca4066c09881a440d5012809000000000052406530309715e280b8000000cb1757b3a739f38c5b5e3cbcc875167755659f4849561c79c63d5e4e4db6db776f7b7cdbea71b33333bcf9ba188888da03c7aecca2bb8558ae53f724bd3ccbfd9b74d77c47a4f2fe3dd57595c6554cfac737a53aa61800001135b98114c0e8801a202c0000000000802ac0ca4066c09881a440d501280900000000005240653039df15e280d0000000658ba5da539c39ca2d2f1e5e643a8afbdab2c23d612559f06719747936adb9ab35b9ae699c6cc4c4ed2e862778de03c7aecca28b9d68be50f7e4fa5b87997fb3aa9b2f89f48e7fefeeabacb231aa63af27a53aa6180000112e0fc008a6074400d10160000000000401560652033604c40d2206a8094048000000000292032981cef8af1406800000000716372c8567ab7c27ce4b7a7e28a1aaeceaef9e2f29ebfcad51abcea8dbce1c70c89df7d5dddd0dfea51c7b1a77f9b3e5fdbf2b33da3cb963eefa986c3429474c159737c5c9f56cd7a34f8518f0e11f950b6dcac9df26a4c8c0000089707e0045303a2006880b0000000000200ab0329019b02620691035404a0240000000001490194c0e77c578a0340000001e7337cf5a9a85092b41a729f1536bfaabf2fafae3eaf5f31970d53e5ebd7f0833b79ed0faf966611c4c352dd356538738bfa1a1a6d4e37e3bc79fac25c338ca1d8587d00000000044b83f0022981d10034405800000000010055819480cd8131034881aa0250120000000000a480ca6073be2bc501a0000079ccff0038bde8527bb8549ae7f957fb98faed6efbd75cff0079fb20b2cf4879f325036c26267466aa41da4be525cd3ee24aadcaacb8b17b8e5313bc3d9e5d8e86221ae3b9add38f383fa1d1e9efc6ec38a3fc745bc728ca1d44efa78fda5da89467d8e1676d124ea555669c93f823ddd7af0295fa8989db064eaf5d313c35cf97afdbf97dcc833a86369df746b42dda53e9f99758b27a6d8b23f55dd36a71bb1fd7d61f5099640225c1f80114c0e8801a202c0000000000802ac0ca4066c09881a440d501280900000000005240653039df15e280d0001e7f3ece2d7a149efe1526b97e55dfd4c9d76b76debaff0079fb20b2cf4879c319007a006f82c5ce84d5483deb735ca51e8c969bb2ab2e2c7febdc729c6778746d1ed4eb876387bc5cd7eda7c1c7ad38bf57ff0096ce7aae3c238796eadacd6ef1c15fef3f67912ab29be0b17528548d5a72d338f07c9ae69ae699ee394e33bc3eebb32af2e2c7cdfa56479bd3c6d3d71f76a46caa53bef83ebde9f266a556c591bc3a0d3ea31bb1de3cfd61f44956112e0fc008a6074400d10160000000000401560652033604c40d2206a8094048000000000292032981cef8af1406807c3cfb38d17a349fbfc2735fd4ee5f9bd3d32f5dade0ff00cf0f3f59e9f9fa21b2cdb943cc188ae1e800038b1b8bb5e117bf9be9dde258a6adfe6c94b53a8dbe5c7cdf38b8cf0001d197e36a61aa46ad395a51ff004ca3ce325cd33eb0ce709de12556e55e5c58bf4bc9b35a78ca6aa437495954a6dfbd4e5d3bd7466a5764671bc3a1a2fc6ec78a1db2e0fc091322981d10034405800000000010055819480cd8131034881aa0250120000000000a480ca6073be2bc501f2b3dcdfb2bd2a6ff006afe297e1aff00919badd6777f261fd5f4fca2b2cdb943ca986ac0000071e3715a7dc8bf7b9bfecffd93d356ff0034f929ea351c3f2e3e7f47cd2eb380000001d596661530b5155a6f7add28bf8671e7167dd79ce13bc25a6ecaacb8b17e95966654f174bb5a6fba717f15395be166a5764671bc3a1a6ec6dc78b175d33ed2ba2006880b0000000000200ab0329019b02620691035404a0240000000001490194c0c2d7697569778183d9cc2bbb70936f7b6eacdb6faf1297c3e89f4f7947dd628fbb785fc397ea4fea3e1f474f793bac4fbb785fc397ea4fea3e1f474f793bac55a79060e5f0c755b73b5693b798f87d1d3de4eeb156590e0b7a6acf87efa49af31f0fa3a7bc9dd62c96c7601efece4efcfb7a8efe64be1abe8afe028e9ef2acb64b2f5b9c1a7d1d7a89fa8f0d5f43c051d3de511d92cb9bb2836fa2c44dbf51e1abe8780a3a7bcaff73b01f852fd6a9f51e1abe8780a3a7bcb9e3b39953968528b9f0d2b15272f96a1e1abe8780a3a7bcba3ee6e07f0a5fad57ea3c357d0f01474f793ee6e07f0a5fad57ea3c357d0f01474f797460f67f0d8572a94633849c5c5fed6728c977a6eccfbc29c709df1495696baa77c3eb2eaa64ab0e8801a202c0000000000802ac0ca4066c09881a440d50128090000000000518194c0c57c51f15ea07700031c6feeaaff0004ff009581f9a7d8824a38eb2b7f44f4a807c1d92d9aa19ae3b1d4abcaa4553756a274dc149c9d66b7ea8bbf103e8e47db64d9d472ea75e5570d52a429ca0dfbb28d4829464e3c14a2dadeb8dbbc0cb68f2ba78eda39e16ab928569538ca50d3ad25845256ba6b8a03d9649f67383c0e22962e9d5af2a945c9c54e54b436e0e3bed04f849f303cc6d263f159de652cab0f55d2c2d194e151a6f4cbb3dd52acd2b6a4a5b92e1c3add07d897d9360b45962310aa5be3bd271bf5d3a787f781eab65b2bab81c2d3c355aef133a6ea5aa3d5be0e6dc56f6dab26b75f77003eb014adf0cbc181c94c0e8801a202c0000000000802ac0ca4066c09881a440d50128090000000000558194c0c52f7a3e2bd40ed000638dfdd55fe09ff002b03f35fb11f871dfe53d2a01e7f65696633c6e3565d569d2ab7abda3a9a6ce9f6cf72bc65bee07b5d94d87ad4714f31c7e22388c55e528a83728a9b5a75ca4d2bb49d924925f2b0797da3cb638dda29e16539538d69538b9c2dae36c2296ebff081ee765f62296595e5888626bd594a94a8e8a8e1a2ce5195f72e3eef9b03c76c2d6585cf71946b7b93ab2c5d18396ebcfb6538aff1462edd7701f4f6ff0020c4d18e2f338669888c14a9ca3868caac23152942164d4ecb8df801f7beccb1152ae5946752a4eacf5e216ba9394e6d2ab2b26def03d5014abf0cbc181cb4d01bc40d10160000000000401560652033604c40d2206880b20240000000001560672406696f5e280ea000791db5d9dc7636709e131becf0eca546ad2752ad38544e4ddfddbdf73b7003ab61f65d6554270954556b56929d49c63a60acad1847b96ff981c5b1db21572ec562b1352b53a91c42928460a4a4af5356fb81ec40f01b43b0d8bc46615330c363218794b4383d335529b54953766baa4fe6075e47b399b50c4d1ab88cd9d7a107275295ea3ed169692dfbb8b5f2034db1d84a5994fda69d4f66c52514e7a7542ae9f8752ba6a4baaf3dd60f835f61f39af0f67af9a42787dd78caad7a9a9277574e2afc1717c80f6fb2b927ff0037094f09da76ce0ea49cf4e8bb94dc9d95dd96fea07d702b53e17e0c0e78203688174048000000000218159019480cd81280d22068809b81370170170170170170218149019bddbc0975df44055e225d179811ed32e8bcc07b4cba2f301ed32e8bcc07b4cba2f301ed32e8bcc07b4cba2f301ed32e8bcc07b4cba2f300b132e8bcc0b2c43e8bcc09ed5bdd6402280d1016404dc05c05c05c05c05c086c0ab0339019b0080bc58174c0b5c05c05c05c05c05c05c08b810d8156051810d015b00d203480d203480d203480d204d809480b202e80b2604dc05c05c05c05c05c05c05c0ab60672605581080b260593027500d403500d403500d403500d4045c08b81000080000000000000002400137026e04ea01a806a01a806a01a806a0235010d8156c086c0802409000000000000000000000000000000000000000000000000000000000001810c0803ffd9);

-- --------------------------------------------------------

--
-- Tabellenstruktur für Tabelle `post_ids`
--

CREATE TABLE `post_ids` (
  `post_ID` int(11) NOT NULL,
  `post_content_ID` int(11) NOT NULL
) ENGINE=InnoDB DEFAULT CHARSET=utf8mb4 COLLATE=utf8mb4_general_ci;

--
-- Daten für Tabelle `post_ids`
--

INSERT INTO `post_ids` (`post_ID`, `post_content_ID`) VALUES
(1, 10),
(2, 11),
(3, 12),
(4, 13),
(5, 14),
(6, 15),
(7, 16),
(8, 17),
(14, 21),
(15, 22),
(16, 23),
(17, 24),
(18, 25),
(19, 26);

-- --------------------------------------------------------

--
-- Tabellenstruktur für Tabelle `post_likes`
--

CREATE TABLE `post_likes` (
  `like_id` int(11) NOT NULL,
  `post_ID` int(11) NOT NULL,
  `user_id` int(11) NOT NULL,
  `like_type` varchar(10) NOT NULL
) ENGINE=InnoDB DEFAULT CHARSET=utf8mb4 COLLATE=utf8mb4_general_ci;

--
-- Daten für Tabelle `post_likes`
--

INSERT INTO `post_likes` (`like_id`, `post_ID`, `user_id`, `like_type`) VALUES
(1, 8, 8, 'like'),
(2, 1, 8, 'like'),
(3, 9, 8, 'like'),
(4, 6, 8, 'like'),
(5, 5, 8, 'like'),
(6, 2, 8, 'like'),
(7, 7, 8, 'like'),
(8, 4, 8, 'like'),
(9, 3, 8, 'like');

-- --------------------------------------------------------

--
-- Tabellenstruktur für Tabelle `user`
--

CREATE TABLE `user` (
  `user_pre_name` varchar(20) NOT NULL,
  `user_sur_name` varchar(20) NOT NULL,
  `user_username` varchar(40) NOT NULL,
  `user_email` varchar(120) NOT NULL,
  `user_rating` int(120) NOT NULL,
  `user_password` varchar(20) NOT NULL,
  `user_id` int(11) NOT NULL,
  `user_join_date` date NOT NULL DEFAULT current_timestamp(),
  `user_profile_picture` blob NOT NULL
) ENGINE=InnoDB DEFAULT CHARSET=utf8mb4 COLLATE=utf8mb4_general_ci;

--
-- Daten für Tabelle `user`
--

INSERT INTO `user` (`user_pre_name`, `user_sur_name`, `user_username`, `user_email`, `user_rating`, `user_password`, `user_id`, `user_join_date`, `user_profile_picture`) VALUES
('Maximus', 'der Große', 'maximusDerGroße', 'maximus@example.com', 30, 'pass123', 3, '2024-06-11', ''),
('Anna', 'Schmidt', 'annaDasSchnidchen', 'anna.schmidt@example.com', 30, 'password456', 4, '2024-06-11', ''),
('Tom', 'Meier', 'tomHatEier', 'tom.meier@example.com', 30, 'password789', 5, '2024-06-11', ''),
('Lena', 'Müller', 'beiLenaMuellerts', 'lena.mueller@example.com', 30, 'passwordabc', 6, '2024-06-11', ''),
('David', 'Schulz', 'davidSchulzMachtSyncro', 'david.schulz@example.com', 15, 'passworddef', 7, '2024-06-11', ''),
('Maximus', 'Nolte', '1', '1@1', 100, '1', 8, '2024-06-11', ''),
('Maximus', '2', 'maximus_nolte121', '121@sad', 0, '12', 16, '2024-06-12', 0xffd8ffe000104a46494600010100000100010000ffdb0084000906070f0d0f0e0d0f0d100d0d0d100d0d0e0e0f0d0f0d0d0d0e1511161615111516181d2821191a251b15152d322d26292b2e312f17203338332c37342d2e2b010a0a0a0e0d0e1b10101b2d251f262d2d3037302d322d2f322d2f2d2d2d2d2f303037312e2d2d2f2d2d2d2d2d37312d2d2d2f2d2d2d2d2d372d2d2e2d2f2d2b37ffc000110800a3013603011100021101031101ffc4001b00010003010101010000000000000000000001020304060507ffc4003f10000201020305050505040b010000000000010203110405120621314151136171a1b114223291d10716536293233372b234425281828492c1d2e1f015ffc4001a010100030101010000000000000000000000030405060102ffc4003011010002010203060503050100000000000001030204111221510513143141a11522b1c1e16181d1327191f0f123ffda000c03010002110311003f00fd8d20252026c04d805805805805805805805808b010d01560008b80b80b80b80b80b80b80b80024090252026c04d805805805805805805805808b011602181280ba40592026c02c02c02c02c02c02c02c055a028c0a302ad815b80b80b80b80b80b80b80b81298129817405d016480b2402c02c02c02c02c02c02c055a02ad01568094069102e9016b00b00b00b00b00b00b010d014606520234811d9a023b25de03b25dff301d92eff00980ec977fcc0764bbfe603b25dff00301d92eff980ec977fcc0ca51b01098168cddd01d310348a02e900b00b00b00b00b00b00b015680ce405181280d2206880b00000000000055819c80c64c09000000000000000004495f70184a360223c40ea801ac40d1012000000000086055819c80cd8131034881aa024090000000000558194c0c25c50160000000038f1b99428bd3be53fecae5e2f914755da15513c33ce7a47dd668d2e76f3f2871c33ddfbe959774eefd0a38f6cc6ff00361cbf49fc2ccf674edcb2f67d3c36223563aa0eeb9f269f468d6a6fc2ec78b09e4a36579573b650d49918000892bee031946cc0da9b037801a202c0000000000802ac0ca4066c09881a440d5012809000000000052406530309715e280b8000000cb1757b3a739f38c5b5e3cbcc875167755659f4849561c79c63d5e4e4db6db776f7b7cdbea71b33333bcf9ba188888da03c7aecca2bb8558ae53f724bd3ccbfd9b74d77c47a4f2fe3dd57595c6554cfac737a53aa61800001135b98114c0e8801a202c0000000000802ac0ca4066c09881a440d501280900000000005240653039df15e280d0000000658ba5da539c39ca2d2f1e5e643a8afbdab2c23d612559f06719747936adb9ab35b9ae699c6cc4c4ed2e862778de03c7aecca28b9d68be50f7e4fa5b87997fb3aa9b2f89f48e7fefeeabacb231aa63af27a53aa6180000112e0fc008a6074400d10160000000000401560652033604c40d2206a8094048000000000292032981cef8af1406800000000716372c8567ab7c27ce4b7a7e28a1aaeceaef9e2f29ebfcad51abcea8dbce1c70c89df7d5dddd0dfea51c7b1a77f9b3e5fdbf2b33da3cb963eefa986c3429474c159737c5c9f56cd7a34f8518f0e11f950b6dcac9df26a4c8c0000089707e0045303a2006880b0000000000200ab0329019b02620691035404a0240000000001490194c0e77c578a0340000001e7337cf5a9a85092b41a729f1536bfaabf2fafae3eaf5f31970d53e5ebd7f0833b79ed0faf966611c4c352dd356538738bfa1a1a6d4e37e3bc79fac25c338ca1d8587d00000000044b83f0022981d10034405800000000010055819480cd8131034881aa0250120000000000a480ca6073be2bc501a0000079ccff0038bde8527bb8549ae7f957fb98faed6efbd75cff0079fb20b2cf4879f325036c26267466aa41da4be525cd3ee24aadcaacb8b17b8e5313bc3d9e5d8e86221ae3b9add38f383fa1d1e9efc6ec38a3fc745bc728ca1d44efa78fda5da89467d8e1676d124ea555669c93f823ddd7af0295fa8989db064eaf5d313c35cf97afdbf97dcc833a86369df746b42dda53e9f99758b27a6d8b23f55dd36a71bb1fd7d61f5099640225c1f80114c0e8801a202c0000000000802ac0ca4066c09881a440d501280900000000005240653039df15e280d0001e7f3ece2d7a149efe1526b97e55dfd4c9d76b76debaff0079fb20b2cf4879c319007a006f82c5ce84d5483deb735ca51e8c969bb2ab2e2c7febdc729c6778746d1ed4eb876387bc5cd7eda7c1c7ad38bf57ff0096ce7aae3c238796eadacd6ef1c15fef3f67912ab29be0b17528548d5a72d338f07c9ae69ae699ee394e33bc3eebb32af2e2c7cdfa56479bd3c6d3d71f76a46caa53bef83ebde9f266a556c591bc3a0d3ea31bb1de3cfd61f44956112e0fc008a6074400d10160000000000401560652033604c40d2206a8094048000000000292032981cef8af1406807c3cfb38d17a349fbfc2735fd4ee5f9bd3d32f5dade0ff00cf0f3f59e9f9fa21b2cdb943cc188ae1e800038b1b8bb5e117bf9be9dde258a6adfe6c94b53a8dbe5c7cdf38b8cf0001d197e36a61aa46ad395a51ff004ca3ce325cd33eb0ce709de12556e55e5c58bf4bc9b35a78ca6aa437495954a6dfbd4e5d3bd7466a5764671bc3a1a2fc6ec78a1db2e0fc091322981d10034405800000000010055819480cd8131034881aa0250120000000000a480ca6073be2bc501f2b3dcdfb2bd2a6ff006afe297e1aff00919badd6777f261fd5f4fca2b2cdb943ca986ac0000071e3715a7dc8bf7b9bfecffd93d356ff0034f929ea351c3f2e3e7f47cd2eb380000001d596661530b5155a6f7add28bf8671e7167dd79ce13bc25a6ecaacb8b17e95966654f174bb5a6fba717f15395be166a5764671bc3a1a6ec6dc78b175d33ed2ba2006880b0000000000200ab0329019b02620691035404a0240000000001490194c0c2d7697569778183d9cc2bbb70936f7b6eacdb6faf1297c3e89f4f7947dd628fbb785fc397ea4fea3e1f474f793bac4fbb785fc397ea4fea3e1f474f793bac55a79060e5f0c755b73b5693b798f87d1d3de4eeb156590e0b7a6acf87efa49af31f0fa3a7bc9dd62c96c7601efece4efcfb7a8efe64be1abe8afe028e9ef2acb64b2f5b9c1a7d1d7a89fa8f0d5f43c051d3de511d92cb9bb2836fa2c44dbf51e1abe8780a3a7bcaff73b01f852fd6a9f51e1abe8780a3a7bcb9e3b39953968528b9f0d2b15272f96a1e1abe8780a3a7bcba3ee6e07f0a5fad57ea3c357d0f01474f793ee6e07f0a5fad57ea3c357d0f01474f797460f67f0d8572a94633849c5c5fed6728c977a6eccfbc29c709df1495696baa77c3eb2eaa64ab0e8801a202c0000000000802ac0ca4066c09881a440d50128090000000000518194c0c57c51f15ea07700031c6feeaaff0004ff009581f9a7d8824a38eb2b7f44f4a807c1d92d9aa19ae3b1d4abcaa4553756a274dc149c9d66b7ea8bbf103e8e47db64d9d472ea75e5570d52a429ca0dfbb28d4829464e3c14a2dadeb8dbbc0cb68f2ba78eda39e16ab928569538ca50d3ad25845256ba6b8a03d9649f67383c0e22962e9d5af2a945c9c54e54b436e0e3bed04f849f303cc6d263f159de652cab0f55d2c2d194e151a6f4cbb3dd52acd2b6a4a5b92e1c3add07d897d9360b45962310aa5be3bd271bf5d3a787f781eab65b2bab81c2d3c355aef133a6ea5aa3d5be0e6dc56f6dab26b75f77003eb014adf0cbc181c94c0e8801a202c0000000000802ac0ca4066c09881a440d50128090000000000558194c0c52f7a3e2bd40ed000638dfdd55fe09ff002b03f35fb11f871dfe53d2a01e7f65696633c6e3565d569d2ab7abda3a9a6ce9f6cf72bc65bee07b5d94d87ad4714f31c7e22388c55e528a83728a9b5a75ca4d2bb49d924925f2b0797da3cb638dda29e16539538d69538b9c2dae36c2296ebff081ee765f62296595e5888626bd594a94a8e8a8e1a2ce5195f72e3eef9b03c76c2d6585cf71946b7b93ab2c5d18396ebcfb6538aff1462edd7701f4f6ff0020c4d18e2f338669888c14a9ca3868caac23152942164d4ecb8df801f7beccb1152ae5946752a4eacf5e216ba9394e6d2ab2b26def03d5014abf0cbc181cb4d01bc40d10160000000000401560652033604c40d2206880b20240000000001560672406696f5e280ea000791db5d9dc7636709e131becf0eca546ad2752ad38544e4ddfddbdf73b7003ab61f65d6554270954556b56929d49c63a60acad1847b96ff981c5b1db21572ec562b1352b53a91c42928460a4a4af5356fb81ec40f01b43b0d8bc46615330c363218794b4383d335529b54953766baa4fe6075e47b399b50c4d1ab88cd9d7a107275295ea3ed169692dfbb8b5f2034db1d84a5994fda69d4f66c52514e7a7542ae9f8752ba6a4baaf3dd60f835f61f39af0f67af9a42787dd78caad7a9a9277574e2afc1717c80f6fb2b927ff0037094f09da76ce0ea49cf4e8bb94dc9d95dd96fea07d702b53e17e0c0e78203688174048000000000218159019480cd81280d22068809b81370170170170170170218149019bddbc0975df44055e225d179811ed32e8bcc07b4cba2f301ed32e8bcc07b4cba2f301ed32e8bcc07b4cba2f301ed32e8bcc07b4cba2f300b132e8bcc0b2c43e8bcc09ed5bdd6402280d1016404dc05c05c05c05c05c086c0ab0339019b0080bc58174c0b5c05c05c05c05c05c05c08b810d8156051810d015b00d203480d203480d203480d204d809480b202e80b2604dc05c05c05c05c05c05c05c0ab60672605581080b260593027500d403500d403500d403500d4045c08b81000080000000000000002400137026e04ea01a806a01a806a01a806a0235010d8156c086c0802409000000000000000000000000000000000000000000000000000000000001810c0803ffd9),
('Maximus', 'Nolte', '3', '3@3', 0, '3', 17, '2024-06-12', 0xffd8ffe000104a46494600010100000100010000ffdb0084000906071012121511111315161515191d1719151517191718191d191716181d19171a181d28201820251b171522312125292b2e2e2e171f3338332d37282d2e2b010a0a0a0d0d0e150f0f152b1915192b2d2b2d2d372b2d2d2d372d2d2b2b372d373737372d2d2d2d3737372b2b372b2d2d2b2b2d2d2d2d2d372b2d372b372b2b37ffc00011080063019003012200021101031101ffc4001c0001000301010101010000000000000000000405060703020108ffc40047100001030203040703060c04070000000001000203041105122106071331223241516171911481b115427273a1b2162334525354629293c1c2f0253335d1081726636483e1ffc400160101010100000000000000000000000000000102ffc40017110101010100000000000000000000000000110121ffda000c03010002110311003f00ede888a208888088880888808888088880888808888088880888808888088880888808888088880888808888088880888808888088880888808888088880888808888088bc6aaaa38db9a4735adef71b0fb507b22ab1b4345fac45fbe17b536314d23b2c7346e71ec6b8128a9c8a0e218b53c0409a56477e599c05d44fc2ac3ff5a87f7c20b9451687108666e78646bdbcaed3717500ed4500d0d5437e5abc731d8845ca2f36ccd2dcc08cb6be6ecb73bdd56c3b4944f70636a222e26c1a1c2e4f75905b22aeaec6e9617649a68e375af67380d3debe8e2f4e22e39959c2fcfcc32faa113d15750e374b33b2433c6f75af95ae04a576394b0bb24d3c6c75af6738036f7aa2c5157cd8c533636cae998237755e5c003e457ed0e2f4f35cc32b1f979e57036f3b2844f45511ed35097060a988b89b01985efdca7d6d6c50b4be57b58d1dae360a8908a8a9b6c70e91d91955113dd980f4ef5761e08b822dcefd8a0fa454757b5d87c4ec9254c41c3b330d3cd585262904ace247231cc1a973482079a0988aa19b4f424868a98ae4dad9c5eea457e314d09026998c2ee41ce02fe21089e8aad98fd2161944f198da6ce7870ca09ecbafaa2c76926770e29e37bbf35ae04e882c9156d7639490bb24b3c6c77739c01b2914b88c3247c58e46ba3d7a60ddba73d55129154c3b4942f70632a62739c6c0078b93dc14ac471482000cd2b23bf2ce6d7504c45130fc4619c1743235e01b12d37d57957e354b0383669a3638eb67380282c1144c3f1282704c3232403425a41b7a2f5abab8e2697c8f6b1a3b5c6c111ec8a861db1c39eec8daa889fa43ec53eb317a78435d2cac635dd52e7000f914589e8a051e314d2b5cf8a563daceb16b8103b755e34bb4545239ac8ea22739dc9a1e093ee416a8ab6b71ea485d9259e363b9e573803e8a436be231f1b3b7876be7bf46ddf7544a45554db4747239ac8ea22739da0687024fb97b6218bd342409a66464f20e706dfd504f45130fc4a09c1743232400d896107e0a5a808888822220222202c5ef5d81d48c69170668c11de3305b458dde97e4b1fd7c7f7822ac59b1b86d81f658af6eef059ec4706a6a6c5683811363cc24be51cf45bf8baa3c87c163f69bfd570ff293e0a8abdedec5cf5fc3962730085ae2e0ebebdba2e0f85e18e9e7653b6c1cf76404f2b95fd698bff912fd077dd2bf97f630ff008953fd70f8a8b8ead152498160d3b257b4c8e2e0ccbdef16fb05cfb9710140e744e9c8bb03c31c7f69c091eb94ae99bf8c7849511d235dd18866777663d87c82ca52d2e25ec26165338d348ee317e5d74ed07b05afea83af6eb71cf69c25d1b8ddf035d1bbc46525a7d34f72e2bb1ad1f28d3fd77f515a0dcfe3421ab753b9d6654b4c7e01d6397f98f7acf54433e1d5b77b087c329700468e01c4e87c906bb7f2d1edecfaa1f12acab07fd30dfa5fd4b11b5fb472629522511d9c406358de97f7cd747da7c2df4db38c8a41678b170ee2e75ec8ae4db3d8b494750ca88bacc22e07223b415a0dea629155d4c75111b87c20f91ed07c97beecf006578aba77733182d36e4e0b1f8951be091f0ca2ce61208d7d7c9074cdb003f07e8bcc7c0a91b86032d6fd11f072978be11254ecf53f09a5ce8ecf2d1cc8d6f6580d8bdb3930de3011877146521dd12d36207c505760ad1f28447ff207df2b5fbf1af9dd5dc179222630163790371a9f1d550eeff089aaf1084b1a486c9c47badd1005cf35b5de5ed8d29ac75354523668a301b98ddb20773390f76b6418ac0f03c3276c61d58619c9199af6d99cfe6b8725d0b7c5b40fa4820a0a5796b5ecb9703a96374001f15c8ab44734e452c6e0c71b323eb3c2e99bc2d8eaaf60a29f297c94f164947370075bf8d9064b67f62db514aeada8a86c1166cad73c662e778fbd5f6c1c14f4530964c4a30d26c6265dc1e3c41e4b3b85ed5323a375054c26588bf3b6cec841f1d3bd43d95d9d96baa1b1c319cb98173ada35b7bf3ed417dbd2d94149502aa01f8898e76903aaee76f01daa9aa6aaab16a98a323348408db6e41a342efe6bb5ef7206b3087b6c3a1900f76975cef70ed06b9fa728f4b8e5af6222ef79f864587e1305144074de331ed7102e5c7deb9dec2623ec95f4f3ea1b9b293d85aed0adb6ff00abc1a8821fcc6127de74fb167f68301c984d155b46b7735e6dd8e24828aaadbec4bdaebaa26e6d0ecadfa2340ba56e82ac3b08ad87f47c4d3c1d1b8ac4e0b815f07acac235cec0c3e0d70cdf6ab3dcf5680dc421bf5e99cf03c4348d3dc511cea1716b839970e69b8239def707dd65bddbada86e2187d23dd6e2c6f2c95be21bd6f7aa4ddd534736210c2f01cc7973483da0b1c1786da6cebf0faa7c0fbe4be663bb1cdecf4ed45759dc238368a6274024bfd8b98ed957bf11c4652ce96a5918f06ff6568b64f1e14982553ef67c9270db6e77239fa5d643645b5a26e351c4659231dd702fa6a88d5ee4b1af67ad753b8d9b30cb6ec0f6a97bf9af9cd5320717084333017b35c7b6eb032493d2d50925618e56bf885b6b76dd742db6de0d2ccf89925332784c60926ed7071e795de08ac7609836193c6d125598672750e6742df48782ddefa69638e8a8a38ec58dd0106e08cbcd72ec4dd0cb31f6589cd638f4633d27792df6f0e865830ac3e29af9db7b83a91a72f820b0dcf347c9d88fd13f71cb11bb068f9528fe9ff495bfdc7d39928eba31cdfd1f796380f8ae6b432cf8656b1ef8c89207df2b85b35ae343e37446837d8d1f29c9f56cf815b3c5ab783b311dbe7b033d5c572fda7c665c4eb1d308ecf7d9ad8db775ada0fe7aadc6f45aea5c328289e6ce1d270f217b7a92839be0b52ea79e29dbcd8f06fefe5e8b4dbd5c6c56d6e667498c63436dd9717294d80f13047d501d28e7bdff0066c015f5b0380fb4415d3b8122384807f688ff006456b7fe1f2ac075443e4e1f05da17f3a6e4abc47888693fe630b7de17f45a33a2222208888088880b1bbd2fc963faf8fef05b258dde97e4b1fd7c7f7820d7c5d51e43e0b1fb4bfeab87f949f05b08baa3c87c165f6b701aa9e7a7a9a5918c7c19baedb8399556a9ed041045c1d0855306cc50b1c1eca78c381b8706ea0f7aa5f65c7bf4f4dfc35fbecb8f7eb14dfc3505d55ecd514ae2f929e3739da97117255847491b59c36b406019728e56e56b2ca7b2e3dfac537f0d3d971efd629bf8682e22d95a06b839b4d1870370437507bd48c5704a5a9169e1649f486beab3fecb8f7e9e9bf86ab71fc431aa38c4f2cd4ee687b5a4065890e701a141aac3765a869ce6869e36bbbc0d558d750c5330c72b03da7e6b85c2f689d700f78057d20afc3b04a5a724c10b23279968b5d79d66ced1cae2f9608dce3cdc5ba9568883c69a9638d82363435a058347203b954d6ec7e1d2bb3c94d19777e55788821e1d85414edcb046d8c77345978e278052547f9f046ff12d17f55648829f0bd96a1a739a1a78d8efce035f52ad8b01d0eb75f488286af6370e91d9df4d1971d49b735674186c10372431b58dee68b2968823d6d145330c72b03da79b5da851b0fc0a960767861631c45aed16d158a222b6bf00a49dd9e6858f75ad770b9b2f49707a774420744d310e4c23a22de0a7222a0b308a7111a71134447e65ba3dfc978d1eced1c4498e08da482d240b5c11623c94ac43118606e799ed636f6bb8d85fb978418ed2be274ec998636759e1c328f32875e749b374513c491d3c6d73793836c4792f6c4706a6a820cf13242341985ede4bca83682927764866648ee6434dec3bcaf3976a289bc4cd3b070486bf5ea93c8143afdfc18a1c9c3f678f2def972e97ef5270dc1e9a9efc08991e6e7945aea5c5235cd0e6904117047682beee82b2bb67a8e67679608dee3f39c2e579cfb3142f608dd4f1168e4328d17ded0e3f4f45119aa1d95b7b77927b804d9fc7e9eb62e353bb336f63a5883dc421d78e1bb274103b3434f1b5ddf6d7ed53711c269e7004f1b640dd46617b7929974ba0898761505382208db1876a728b5d7862db3f4953f9442c93b2ee1afaab2baf0f6d8af973b335ed6cc2f7eeb2083866ccd1539cd0411b1dcae06bea57b62382d34e419e26485bcb30bdbc9582fc250428b07a76c4606c4c11bb9b00e89bf8251e0f4f131d1c5131ac7759ad1607b3554ccdbdc3cd57b1897f1b7cbcb4cddd7ef5a6ba0aba4d9ba289e248e9e36b86a1c06a15aa5d110444404444045e53d4318dcef735ad1f39c401ea5656ab6f602ee1d1c52d5bf97e29bd01e6f7587a22b5eb1bbd2fc959f5f1fde0bf0458e54f59f0d230f6347124f536017e1dde432eb593cf527990f7d9b7fa21517b51b4745101c4a889a6c34ce09e5dc1564dbc2c3875647487fedc6f77c029b45b1d87c5d4a78efde466f8ab68a8a26f56360f2680832dff0030213d4a6aa7f94247c57e0dbbeea1abfdc1feeb601a3b97ed9418ff00c3befa1ab1ff00ac1fe6837834e3af05533e942efe4b60be4b01e602a3350edfe18ee73e43dd231ecf88551bc7c629a6a1fc4cd1bef247a35ed27ae3b2eb69361d03bad130f9b4154b5fb0986cb7cd4ccd7b5bd13f6283410755be43e0bd2eb1a361e48b5a3ada88bf65cee233d0ab1c023c4d921655ba1923b6923016bc9f16f2fb551a1444510444404444044440444404444044441ce37ee3fc387d6b57166e3cf6507b0b0656ba4e2487bc0e4df2edf72ef7bd8c0aa2b28c454edccf1235d6b81a0f3585a2dd7d4bf0c7c72461954c90be3d41cc3b5ae3e28d6347bb9c2a9b0bc35d5d296973d9c47b9bad87631bfdf3583abdbee299a48f0d84c32383a424137d742f70d015a6d8fd94c53d967c32b23cb4f2b7a0f0e04c6e1afa1202cc7e03e3d0325a38e30e8652339696e575b91b9d420df1de4b7e4a3594d100e8888dd11e4dec16b762cbc9be6ad31666d33074ac5e6e5be5e6ad1dbb8aa8708929a3b3ea257b5ee00d9a2dc9a09ee5551eeff12185be9b8238a670f0dcc3aa1bde82cf6a36b63adc19b532d3b5df8cc85849b023e734afdd91dae868b077d4c74ed67e30b1ac04f49dde49514ec2e23f237b270c71b8d9f2e61cbcd7dc1b0d2b705920ac73607b253235ce3768ec1723bd0458b7c388084caea4696e6b0905c307ec9f157edde8c8dc3056c90b4c8f90c6d683d116ed25731c630fa8a6a31149590be22fccd863787126dd627b0782d5eccd0d6c98346da582398195ce73651cc696ca0fc505f6c7ede62956f04c1098cb5eebb5dd2195a481941bdc9b05cae3c66a7e5015218ee2f1b37075b663a65b2daec46eff001215eca8923f668daecc407731f98d03b1498b6131118c8ab310e08a82fcd98756dcec82ef6cf7a6fa691b4b4f135d3656e72f366b1ce68397dd7ed5f1b21bd37cb5428eb591b5ee395b246e05b7eeff00eaaede26ee6a9d586ba918d983dc1cf89c7b40b11af304052f62f652b5d52d96a68a9a089a730686ddfe00105067e8b10a7f97728a4667e396e7cdda0919addfdaaeb1adec54c15b253369d8f6b1e5a00273151a976171018cfb59887078e5f9b30bdafcecbf25d85c44e31ed7c21c1e367cc48e5df64163b13bd39ea6b1b4b510b5a1e48696f369ee2bad2e2b81ec2e211e2fed4f8808b8ae7e6cc39126c6cbb522688888822220c83761a392432d64d2d49cd70c79b46deee88e6b4f4b491c4d0d8d8d634720d0029088a222220888808888088880888808888088880888808888088880888808888088880888808888088880a0637844157118276e663b98b91f053d1060a0dd1e12d766e139d6f9ae7123d16d68a8e3898d8e268635a2c1ade43c948445111110444404444044440444404444044440444404444044440444404444044440444404444044440444404444044440444404444044440444404444044440444404444044440444404444044441ffd9);

-- --------------------------------------------------------

--
-- Tabellenstruktur für Tabelle `user_friend`
--

CREATE TABLE `user_friend` (
  `user_1_ID` int(11) NOT NULL,
  `user_2_ID` int(11) NOT NULL
) ENGINE=InnoDB DEFAULT CHARSET=utf8mb4 COLLATE=utf8mb4_general_ci;

--
-- Daten für Tabelle `user_friend`
--

INSERT INTO `user_friend` (`user_1_ID`, `user_2_ID`) VALUES
(1, 2);

-- --------------------------------------------------------

--
-- Tabellenstruktur für Tabelle `user_posts`
--

CREATE TABLE `user_posts` (
  `user_id` int(11) NOT NULL,
  `post_ID` int(11) NOT NULL
) ENGINE=InnoDB DEFAULT CHARSET=utf8mb4 COLLATE=utf8mb4_general_ci;

--
-- Daten für Tabelle `user_posts`
--

INSERT INTO `user_posts` (`user_id`, `post_ID`) VALUES
(3, 1),
(3, 2),
(4, 3),
(4, 4),
(5, 5),
(5, 6),
(6, 7),
(6, 8),
(7, 9),
(8, 14),
(8, 15),
(8, 16),
(17, 19);

--
-- Indizes der exportierten Tabellen
--

--
-- Indizes für die Tabelle `post`
--
ALTER TABLE `post`
  ADD PRIMARY KEY (`post_ID`);

--
-- Indizes für die Tabelle `post_content`
--
ALTER TABLE `post_content`
  ADD PRIMARY KEY (`post_content_ID`);

--
-- Indizes für die Tabelle `post_ids`
--
ALTER TABLE `post_ids`
  ADD PRIMARY KEY (`post_ID`,`post_content_ID`);

--
-- Indizes für die Tabelle `post_likes`
--
ALTER TABLE `post_likes`
  ADD PRIMARY KEY (`like_id`),
  ADD KEY `post_ID` (`post_ID`),
  ADD KEY `user_id` (`user_id`);

--
-- Indizes für die Tabelle `user`
--
ALTER TABLE `user`
  ADD PRIMARY KEY (`user_id`);

--
-- Indizes für die Tabelle `user_friend`
--
ALTER TABLE `user_friend`
  ADD PRIMARY KEY (`user_1_ID`,`user_2_ID`);

--
-- Indizes für die Tabelle `user_posts`
--
ALTER TABLE `user_posts`
  ADD PRIMARY KEY (`user_id`,`post_ID`),
  ADD KEY `post_ID` (`post_ID`);

--
-- AUTO_INCREMENT für exportierte Tabellen
--

--
-- AUTO_INCREMENT für Tabelle `post`
--
ALTER TABLE `post`
  MODIFY `post_ID` int(11) NOT NULL AUTO_INCREMENT, AUTO_INCREMENT=20;

--
-- AUTO_INCREMENT für Tabelle `post_content`
--
ALTER TABLE `post_content`
  MODIFY `post_content_ID` int(11) NOT NULL AUTO_INCREMENT, AUTO_INCREMENT=27;

--
-- AUTO_INCREMENT für Tabelle `post_likes`
--
ALTER TABLE `post_likes`
  MODIFY `like_id` int(11) NOT NULL AUTO_INCREMENT, AUTO_INCREMENT=10;

--
-- AUTO_INCREMENT für Tabelle `user`
--
ALTER TABLE `user`
  MODIFY `user_id` int(11) NOT NULL AUTO_INCREMENT, AUTO_INCREMENT=18;

--
-- Constraints der exportierten Tabellen
--

--
-- Constraints der Tabelle `post_likes`
--
ALTER TABLE `post_likes`
  ADD CONSTRAINT `post_likes_ibfk_1` FOREIGN KEY (`post_ID`) REFERENCES `post` (`post_ID`) ON DELETE CASCADE ON UPDATE CASCADE,
  ADD CONSTRAINT `post_likes_ibfk_2` FOREIGN KEY (`user_id`) REFERENCES `user` (`user_id`) ON DELETE CASCADE ON UPDATE CASCADE;

--
-- Constraints der Tabelle `user_posts`
--
ALTER TABLE `user_posts`
  ADD CONSTRAINT `user_posts_ibfk_1` FOREIGN KEY (`user_id`) REFERENCES `user` (`user_id`) ON DELETE CASCADE ON UPDATE CASCADE,
  ADD CONSTRAINT `user_posts_ibfk_2` FOREIGN KEY (`post_ID`) REFERENCES `post` (`post_ID`) ON DELETE CASCADE ON UPDATE CASCADE;
COMMIT;

/*!40101 SET CHARACTER_SET_CLIENT=@OLD_CHARACTER_SET_CLIENT */;
/*!40101 SET CHARACTER_SET_RESULTS=@OLD_CHARACTER_SET_RESULTS */;
/*!40101 SET COLLATION_CONNECTION=@OLD_COLLATION_CONNECTION */;
